{
    "uvs":[[0.185552,0.451912,0.241539,0.439537,0.241516,0.521638,0.179476,0.371052,0.186929,0.52417,0.11498,0.313706,0.270674,0.301886,0.201542,0.327905,0.116594,0.469957,0.107452,0.397316,0.132668,0.577693,0.205442,0.603634,0.084006,0.549216,0.04328,0.6549,0.042117,0.465287,0.028302,0.579668,0.148248,0.664132,0.067801,0.696144,0.04812,0.367681,0.024035,0.285227,0.123033,0.278756,0.967288,0.56266,0.970823,0.652867,0.911778,0.631386,0.969907,0.312282,0.976289,0.363821,0.933141,0.326129,0.887653,0.534764,0.898832,0.285778,0.944321,0.392478,0.884916,0.344925,0.833096,0.310563,0.805975,0.618111,0.861135,0.686639,0.833273,0.474988,0.87135,0.41699,0.802106,0.378277,0.724765,0.283436,0.755392,0.315226,0.746196,0.463055,0.797755,0.536495,0.618078,0.699998,0.643755,0.688126,0.724961,0.365075,0.756353,0.666687,0.708916,0.619704,0.661732,0.319302,0.660506,0.404954,0.644049,0.575381,0.715006,0.531828,0.613898,0.64392,0.591644,0.298617,0.631606,0.479007,0.59766,0.360362,0.560462,0.518829,0.543536,0.436618,0.534231,0.589912,0.432388,0.286078,0.489097,0.675627,0.481046,0.532278,0.464816,0.600139,0.511493,0.324573,0.443959,0.653627,0.51027,0.371866,0.458773,0.369158,0.418537,0.527746,0.465238,0.452012,0.408061,0.34771,0.349439,0.597671,0.396278,0.433261,0.337615,0.336089,0.355225,0.516343,0.369248,0.651116,0.339611,0.42647,0.273987,0.690868,0.269754,0.364726,0.294094,0.461779,0.257592,0.655972,0.280861,0.575779,0.703279,0.937581,0.369158,0.938076,0.710469,0.937502,0.586631,0.937708,0.568771,0.053334,0.54786,0.052781,0.73042,0.0538,0.031263,0.311813,0.01825,0.525125,0.019028,0.404599,0.968496,0.696623,0.948117,0.477551,0.97815,0.431025,0.403916,0.053495]],
    "vertices":[-0.195822,0.370091,-1.96382,-0.469906,0.631111,-1.18759,-0.656511,0.425747,-1.19444,-0.489186,0.389576,-1.64588,-0.703135,0.448626,-0.764125,-0.492432,0.402069,-0.06639,-0.554767,0.050092,0.040526,-0.668281,0.388626,-0.300063,-0.677173,0.141152,-1.49507,-0.374098,0.115788,-1.99734,-0.828903,0.079708,-0.906877,-0.80475,0.054155,-0.453268,-0.752034,-0.06179,-1.32994,-0.15632,-0.032919,-2.16758,-0.415584,-0.139087,-1.94444,-0.779682,-0.293665,-0.846731,-0.725992,-0.242499,-0.293418,-0.6031,-0.365274,-1.4663,-0.486127,-0.269835,0.030954,-0.614738,-0.561561,-0.927075,-0.584456,-0.540806,-0.425988,-0.433646,-0.457823,-0.046984,-0.307864,-0.42609,-1.82021,-0.289619,-0.638989,-0.161622,-0.061009,-0.543999,0.034981,-0.330595,-0.70632,-1.2397,-0.161268,-0.282331,0.177191,-0.272557,-0.782864,-0.561813,-0.07232,-0.223936,-2.13678,0.07615,-0.789023,-0.35985,0.1008,-0.764422,-1.25066,0.040534,-0.578216,-1.74459,0.166826,-0.229291,0.200401,-0.076674,-0.827097,-0.896198,0.238283,-0.529915,0.002455,0.439089,-0.619702,-0.264733,0.381189,-0.744277,-0.818478,0.146129,-0.34404,-2.01231,0.487109,-0.615003,-1.22771,0.64632,-0.27464,-1.49179,0.384081,-0.425979,-1.73323,0.701237,-0.428923,-0.492532,0.479712,-0.104491,-1.8769,0.204928,-0.082824,-2.14285,0.781793,-0.27434,-0.949663,0.515724,-0.302572,-0.011278,0.461245,-0.040731,0.110275,0.780231,0.107685,-1.1913,0.737662,-0.119933,-0.244756,0.569694,0.271486,-0.040798,0.283713,0.171,-2.06986,0.631881,0.180786,-1.57199,0.818704,0.198933,-0.691262,0.618858,0.464794,-1.2255,0.458899,0.437796,-1.62284,0.691674,0.328573,-0.309982,0.539034,0.53813,-0.305465,0.617869,0.564085,-0.778348,0.276579,0.348278,-1.93036,0.395723,0.673777,-1.21083,0.307123,0.640679,-0.166718,0.287335,0.785385,-0.670275,0.068021,0.609951,-1.68384,0.08054,0.790594,-1.14723,-0.189969,0.4482,0.096356,-0.00864,0.829167,-0.634944,0.082546,0.441384,-1.92035,-0.067966,0.18952,-2.15554,0.010237,0.680406,-0.115834,-0.254959,0.648935,-1.47754,-0.323487,0.680063,-0.261896,-0.235918,0.80328,-0.836807,-0.151051,0.069967,0.239485,0.053338,0.018021,-2.20414,0.179839,0.269744,0.191163,-0.481169,0.676203,-0.7081],
    "normals":[-0.850063,0.526566,0.00998,-0.588702,0.806116,0.059786,-0.573962,0.790429,-0.213874,-0.817347,0.467696,0.336436,-0.834223,0.506912,-0.216956,-0.680715,0.070528,0.729118,-0.234565,0.54619,0.804132,-0.599963,0.497208,0.626728,-0.99176,0.108493,-0.067751,-0.972991,0.071169,0.21952,-0.898892,0.19071,-0.394452,-0.68865,0.557756,-0.463301,-0.950987,-0.100009,-0.29255,-0.72747,-0.251839,-0.638203,-0.938292,-0.344584,-0.028657,-0.789026,-0.494339,-0.364696,-0.689993,0.226234,-0.687521,-0.404126,-0.072695,-0.911802,-0.889492,-0.28959,0.353374,-0.2172,-0.337382,0.915952,-0.20127,0.076144,0.976562,-0.471603,-0.685934,-0.554125,-0.598682,-0.296762,0.74395,-0.539415,-0.575549,0.614612,-0.409497,-0.873531,-0.263009,-0.713889,-0.66332,0.22425,-0.344859,-0.812494,0.469985,-0.068209,-0.684317,0.725974,0.052767,-0.86639,-0.496567,-0.166356,-0.503159,-0.847987,-0.071017,-0.995148,-0.06766,-0.349132,-0.928129,0.128941,0.099063,-0.950316,0.295083,0.202643,-0.270363,0.94116,0.287484,-0.664449,0.689779,0.462416,-0.886563,-0.012757,0.130009,-0.954436,-0.268532,0.12653,0.047029,-0.990844,0.468398,-0.22779,-0.853603,0.538621,-0.757347,0.369121,0.301065,-0.640126,-0.706778,0.562426,-0.654744,-0.504929,0.645161,-0.389447,0.657308,0.844386,-0.509873,0.164342,0.863704,-0.347331,-0.365154,0.606128,-0.758782,-0.238319,0.779565,-0.170904,-0.602496,0.56444,-0.035585,0.824702,0.938444,-0.335307,-0.082919,0.913022,-0.131352,0.38612,0.967162,0.1301,-0.218268,0.976165,0.210761,0.051332,0.876064,0.229713,-0.423933,0.233436,0.345714,0.908811,0.546007,0.340068,-0.765618,0.793573,0.563524,-0.229499,0.635578,0.629383,-0.447066,0.688864,0.335398,0.642598,0.477767,0.623066,-0.619282,0.870907,0.378338,0.313608,0.659017,0.681814,0.317423,0.483139,0.843257,-0.23542,0.740257,0.672292,0.001556,0.370006,0.785241,0.496445,0.10596,0.879025,-0.464797,0.357067,0.930692,0.079409,0.023225,0.842128,0.538743,0.084048,0.974578,-0.207587,0.127079,0.748405,-0.650899,-0.012146,0.99237,0.122501,-0.144536,0.445662,-0.883419,-0.400006,0.839137,0.36848,-0.282174,0.958373,-0.043031,-0.358928,0.667867,-0.651967,-0.330271,0.869594,-0.367016,-0.723289,-0.685659,-0.081729],
    "metadata":{
        "generator":"io_three",
        "type":"Geometry",
        "uvs":1,
        "vertices":76,
        "normals":76,
        "version":3,
        "faces":148
    },