{
    "uvs":[[0.8366,0.0861,0.652,0.0861,0.6143,0.0053,0.8743,0.0053,0.0002,0.9998,0.0002,0.7875,0.2125,0.7875,0.2125,0.9998,0.8206,0.1028,0.668,0.1028,0.8743,0.9696,0.6143,0.9696,0.652,0.8765,0.8366,0.8765,0.668,0.8598,0.8206,0.8598]],
    "metadata":{
        "uvs":1,
        "version":3,
        "normals":22,
        "faces":22,
        "vertices":88,
        "generator":"io_three",
        "type":"Geometry"
    },
    "normals":[-0.884243,0,-0.466994,0,-0.884243,-0.466994,0.884243,0,-0.466994,0,0.884243,-0.466994,0,0,1,0,0,-1,0,0.280221,-0.959899,0.280221,0,-0.959899,0,-0.280221,-0.959899,-0.280221,0,-0.959899,-0.91406,0,0.40553,0,-0.91406,0.40553,0.91406,0,0.40553,0,0.91406,0.40553,-0.280221,0,0.959899,-1,0,-0,0,-0.280221,0.959899,0,-1,-0,0.280221,0,0.959899,1,0,-0,0,0.280221,0.959899,0,1,-0],
    "faces":[41,82,79,46,48,0,1,2,3,0,0,0,0,41,81,67,63,47,0,1,2,3,1,1,1,1,41,66,57,64,62,0,1,2,3,2,2,2,2,41,58,84,49,65,0,1,2,3,3,3,3,3,41,3,2,5,7,4,5,6,7,4,4,4,4,41,42,44,75,77,6,7,4,5,5,5,5,5,41,59,70,83,56,8,9,1,0,6,6,6,6,41,51,60,6,68,8,9,1,0,7,7,7,7,41,73,52,4,80,8,9,1,0,8,8,8,8,41,1,0,69,72,1,0,8,9,9,9,9,9,41,78,76,37,32,10,11,12,13,10,10,10,10,41,10,45,39,36,10,11,12,13,11,11,11,11,41,9,43,34,40,10,11,12,13,12,12,12,12,41,8,11,30,33,10,11,12,13,13,13,13,13,41,31,38,87,53,13,12,14,15,14,14,14,14,41,55,86,74,71,15,14,9,8,15,15,15,15,41,16,41,26,85,13,12,14,15,16,16,16,16,41,20,25,50,15,15,14,9,8,17,17,17,17,41,18,35,27,24,13,12,14,15,18,18,18,18,41,22,29,61,14,15,14,9,8,19,19,19,19,41,19,17,54,28,13,12,14,15,20,20,20,20,41,23,21,13,12,15,14,9,8,21,21,21,21],
    "vertices":[-0.846506,1.41542,0.846506,-0.846506,1.41542,-0.846506,-1.19271,0.759927,-1.19271,-1.19271,0.759927,1.19271,0.846506,1.41542,-0.846506,1.19271,0.759927,-1.19271,0.846506,1.41542,0.846506,1.19271,0.759927,1.19271,1.19271,9.22498,1.19271,1.19271,9.22498,-1.19271,-1.19271,9.22498,-1.19271,-1.19271,9.22498,1.19271,0.699728,1.45827,0.699728,-0.699728,1.45827,0.699728,0.699728,1.45827,-0.699728,-0.699728,1.45827,-0.699728,-0.846506,8.44468,-0.846506,-0.846506,8.44468,0.846505,0.846506,8.44468,-0.846506,0.846506,8.44468,0.846505,-0.699728,8.40183,-0.699729,-0.699728,8.40183,0.699728,0.699728,8.40183,-0.699729,0.699728,8.40183,0.699728,0.699728,8.40183,-0.699729,0.699728,8.40183,-0.699729,0.699728,8.40183,-0.699729,0.699728,8.40183,0.699728,0.699728,8.40183,0.699728,0.699728,8.40183,0.699728,-0.846506,8.44468,0.846505,-0.846506,8.44468,0.846505,-0.846506,8.44468,0.846505,0.846506,8.44468,0.846505,0.846506,8.44468,0.846505,0.846506,8.44468,0.846505,-0.846506,8.44468,-0.846506,-0.846506,8.44468,-0.846506,-0.846506,8.44468,-0.846506,0.846506,8.44468,-0.846506,0.846506,8.44468,-0.846506,0.846506,8.44468,-0.846506,1.19271,9.22498,1.19271,1.19271,9.22498,1.19271,1.19271,9.22498,-1.19271,1.19271,9.22498,-1.19271,-1.19271,0.759927,-1.19271,-1.19271,0.759927,-1.19271,-1.19271,0.759927,1.19271,-1.19271,0.759927,1.19271,0.699728,1.45827,-0.699728,0.699728,1.45827,-0.699728,0.699728,1.45827,-0.699728,-0.699728,8.40183,0.699728,-0.699728,8.40183,0.699728,-0.699728,8.40183,0.699728,0.846506,1.41542,0.846506,0.846506,1.41542,0.846506,0.846506,1.41542,0.846506,0.699728,1.45827,0.699728,0.699728,1.45827,0.699728,0.699728,1.45827,0.699728,1.19271,0.759927,-1.19271,1.19271,0.759927,-1.19271,1.19271,0.759927,1.19271,1.19271,0.759927,1.19271,0.846506,1.41542,-0.846506,0.846506,1.41542,-0.846506,0.846506,1.41542,-0.846506,-0.699728,1.45827,0.699728,-0.699728,1.45827,0.699728,-0.699728,1.45827,0.699728,-0.699728,1.45827,-0.699728,-0.699728,1.45827,-0.699728,-0.699728,1.45827,-0.699728,-1.19271,9.22498,-1.19271,-1.19271,9.22498,-1.19271,-1.19271,9.22498,1.19271,-1.19271,9.22498,1.19271,-0.846506,1.41542,-0.846506,-0.846506,1.41542,-0.846506,-0.846506,1.41542,-0.846506,-0.846506,1.41542,0.846506,-0.846506,1.41542,0.846506,-0.846506,1.41542,0.846506,-0.699728,8.40183,-0.699729,-0.699728,8.40183,-0.699729,-0.699728,8.40183,-0.699729],
    "name":"lp_col_Cube_001Geometry.10"
}